id;uri;title;content;corpus
43ccf3cd-d386-4b82-a262-b4e712c10ecf;c34b6c68-1381-436f-bbae-6443304bbc36;doc_0;"Depuis combien de temps avez -vous revu les objectifs de votre programme de prestations et de services ?
Avez -vous fixé des objectifs spécifiques pour votre publication d' employés ?
Atteindre ces objectifs ?
Cet objectif est respecté pendant toute la durée de l' action .
Comme première étape vers cet objectif , des arrangements ont été élaborés pour comparer les échelles actuellement utilisées par la circulation d' un groupe de thermomètres de résistance à platine standard pour l' étalonnage par chaque laboratoire national .
Son objectif est simplement de déterminer < < quelles distinctions de longueur et de syllabicité il peut être souhaitable de rendre explicite dans une orthographie de Kikuyu > > ( 59 ) .
Il peut projeter des objectifs à long terme pour lui-même .
Ayant atteint cet objectif , il a pu acheter 116000 miles carrés dans les vallées de rivières Rouge et Assiniboine .
La première étape vers l' objectif est l' établissement d' une nouvelle atmosphère de bonne volonté mutuelle et de communication amicale à un niveau autre que polémique .
L' objectif de ce chapitre est de clarifier les distinctions entre la théorie de la spontanéité et d' autres concepts de formation .
L' objectif sera de fournir à lecteur une justification intégrée pour l' aider à appliquer des techniques de jeu de rôles dans ce domaine de formation unique .
Son objectif : Saper l' économie cubaine .
L' objectif ultime de la politique américaine est de contribuer à l' établissement d' un monde où règne la plus grande mesure possible de liberté , de justice , de paix et de prospérité matérielle , et en particulier - puisque c' est notre responsabilité particulière - que ces conditions soient remplies par le peuple de États-Unis .
La paix est un objectif digne ; mais si nous devons choisir entre la paix et garder les communistes hors de Berlin , alors nous devons nous battre .
La liberté , dans le sens de l' autodétermination , est un objectif digne ; mais si l' octroi de l' autodétermination à rebelles algériens implique de balayer cette zone dans l' orbite sino-soviétique , alors la liberté algérienne doit être reportée .
La justice est un objectif digne ; mais si la justice pour Bantus implique de chasser le gouvernement de l' Union sud-africaine de l' Occident , alors les Bantus doivent être prêts à porter leurs cartes d' identité encore un peu plus longtemps .
Il se peut , bien sûr , que de tels objectifs puissent être poursuivis consisamment avec une politique visant à renverser le communisme ; mon point est que lorsque de conflits surgissent , ils doivent toujours être résolus en faveur de la réalisation de la condition indispensable pour un monde tolérant - l' absence de pouvoir communiste soviétique .
Un objectif a été fixé , comme indiqué à tableau 2 , et l' attention a été accordée à son accomplissement .
C' est notre objectif singulier .
Et à la fois dans leurs objectifs de non-discrimination et de progrès social , ils ont varié contre eux les Sudistes qui sont appelés Bourbons .
Dans ce cas , alors , l' objectif militaire a été atteint avec un agent épidémique uniquement à travers les résultats obtenus lors de l' attaque initiale .
Mon objectif , plutôt , est de vous alerter sur un aspect ou deux de l' affaire qui pourrait avoir les implications les plus graves pour vous , bien au-delà de sanctions légales la société pourrait infliger .
Notre objectif central devrait être de fournir la plus grande incitation positive à ces sociétés à s' attaquer avec hardiesse à tâches à elles sont confrontées .
Pour atteindre cet objectif de développement équilibré , les communications entre le gouvernement central et les communautés locales doivent être telles que les besoins et les aspirations de populations elles-mêmes soient effectivement pris en compte .
"" Notre objectif "" , le colonel avait dit ce jour de briefing , "" est Papa-san "" .
Là l' objectif était assis , couvant sur tout .";6667052e-b464-47a9-beca-dd8df8f8c632
8baac260-42e6-43d8-b8fc-f79817b9af1d;3d2bfb5f-640a-4f70-a916-fafb225b83c8;doc_1;"L' avez -vous permis de devenir un programme de dons plutôt qu' un programme qui a pour objectif d' améliorer le moral de employés et , par conséquent , d' accroître la productivité ?
Considérez ce que vous pouvez vous permettre de dépenser et quels sont vos objectifs avant d' établir ou de rénover votre programme d' avantages sociaux de employés .
Cela ne permet pas à mystère de nous envahir .
Ils ne pouvaient plus se permettre le luxe de sac en toile qui l' a refroidi par évaporation .
Et permettez -moi d' ajouter , utopianisme , aussi .
Et permettez -moi d' ajouter le nouveau livre de Murray comme un autre symptôme de celui-ci , particulièrement en raison de l' attention que Time magazine l' a donné quand il est sorti récemment .
En observant leur état de détresse , le colonel Snelling a permis à ces immigrants à moitié affamés de s' installer sur la réserve militaire .
Mme Roebuck m' a très aimablement permis de traverser Sante Fe jusqu' à une route qui , dit -elle , nous conduirait à Taos , puis Raton et "" eventhahleh "" de Nouveau Mexique .
Permettez -moi de dire d' emblée que la musique sonnait aussi étincelante sur la dernière pièce que sur la première .
Mais alors son fils pourrait se le permettre .
Cette opération permettrait d' évaluer l' usine pilote , avec une charge qui augmente lentement , sur une période de temps raisonnable .
L' aérateur avait un entraînement à vitesse variable pour permettre le fonctionnement à travers une plage de vitesses .
L' examen de opérations de centre commercial a permis une corrélation entre les échantillons composites de 6 h et les opérations de 24 h .
Chers Sirs: Permettez -moi de commencer par éclaircir toute fausse idée possible dans votre esprit , où que vous soyez .
Le propagandiste commercial , qui ne peut pas se permettre d' être critique , s' entend bien avec l' amateur , de qui il se nourrit , mais il marche souvent sur les orteils de l' analyste en refusant de garder son matériel authentique .
Mais pouvons -nous nous permettre plus longtemps le luxe d' une telle indignation ?
"" Cela nous a permis de commencer à contrôler la balle tout de suite "" , a dit Stram , mouillant , "" Je pense que je vais mettre ce jeu dans le livre "" .
( 1 ) Qu' est -ce qui nous permet de penser que le patient n' avait aucune représentation en troisième dimension lorsque ses yeux étaient fermés ?
Permettez -moi d' illustrer .
L' excuse la plus fréquente pour la prévalence de importations non originales et testées est l' augmentation de frais de production - les producteurs ne peuvent pas se permettre de prendre des risques .
La Nouvelle-Angleterre mérite autant de vos vacances que vous pouvez vous permettre avec des zones telles que Cape Cod fournissant de merveilleuses plages , des colonies d' artistes et des townships pittoresques .
Cela vous permettra d' obtenir une estimation approximative de coût de matériaux pour la coque .
Une presse d' une capacité de 11 pouces vous permet de forer à centre d' une planche ou d' un cercle de 22 pouces .
Une nouvelle presse radiale avec une capacité de 16 pouces a une tête inclinée qui permet le forage à n' importe quel angle .
Les meilleurs résultats seront obtenus en ajustant la vitesse correcte à une pression d' alimentation constante qui permet à l' outil de couper facilement à une vitesse uniforme .
La précision de la cartouche Jet est bonne ; je l' ai testée dans mon champ S + W et c' était assez bon pour me permettre de frapper un mandrin avec chaque tir à 100 mètres si je faisais ma part en tenant le pistolet régulièrement .
Les aides à prix plus élevées accordées par la nouvelle législation , ainsi que la hausse de prix de produits agricoles , font monter le revenu agricole , ce qui permet à agriculteurs de se procurer les nouvelles machines .
Ceci est évident quand on se souvient que , pendant l' accouchement , le vagin doit suffisamment dilater pour permettre le passage de bébé .
En outre , il permet à la direction actuelle de réaffecter des véhicules de manière à ce que le kilométrage soit réparti de manière plus uniforme dans tout le parc ; par exemple , si un conducteur met sur 22000 miles par an et un autre conducteur 8000 miles par an , leurs voitures seront commutées de sorte que les deux voitures auront 30000 miles après deux ans , plutôt que 44000 miles ( et les coûts d' entretien connexes plus élevés ) et 16000 miles respectivement "" .
Une nouvelle ordonnance permettant à automobilistes qui plaident coupables d' infractions mineures à la circulation de payer des amendes à poste de police local peut être prise lors de la réunion spéciale de Conseil municipal de la Providence de Nord de lundi .
à cours d' une journée récente de conduite autour de Los Angeles , il y a eu en fait une douzaine d' occasions où les conducteurs venant arrêter toute une voie de circulation pour me permettre de sortir d' une rue latérale impossible .
Lors de sa première visite , l' orthodontiste prendra des radiographies , des photographies , des mesures de dents et des "" empreintes dentaires "" - une impression de la bouche qui lui permet d' étudier ses dents et ses mâchoires .
Le besoin est d' ouvrages de référence de nature plus spécialisée que les bibliothèques individuelles , adéquates pour répondre à besoins quotidiens , pourraient se permettre .
"" Être tout seul là où il n ' y a pas d' autres êtres humains exalte fortement ; c ' est comme si une pression avait soudainement été levée , permettant une conscience intense & & & un affûtage de sens "" .
De retour à l' Est les jeunes délinquants les plus aisés , qui pouvaient se permettre de autos hyped-up à lieu de basculer les lames comme armes mortelles , jouaient ce même jeu et l ' appelaient "" Poulet "" .
1 ) Les sections régulières ne permettent pas les fraisiers ; celui-ci a fait .
La reconnaissance avant l' attaque est vitale , mais seule la reconnaissance après l' attaque nous permettra de mettre fin à la guerre favorablement .
Un fichier de motif Barrette Suisse est pratique puisque sa forme triangulaire avec une seule face de coupe vous permettra de travailler une surface sans en marbrer une adjacente .
Le développement de la chaîne , le réacteur et ses turbines à vapeur avaient été considérablement réduits en taille , et aussi en complexité , permettant d' utiliser une seule hélice , a déclaré la marine .
Atteints de notre richesse et de notre pouvoir , craignant ce que l' on appelle l' opinion mondiale et dépendants de la paix , nous avons permis à notre douceur de mener à des politiques à tête molle .
Cela permet à jus de pénétrer la viande pendant la cuisson .
- L' utilisation d' une grille portable vous permet de griller les pains aussi .
Un accord permettant à condamnés de transmettre les types de serrures utilisées sur les portes de la prison .
John lui a ensuite permis de venir .
L' utilisation de 100 à lieu de 140 papiers de substance plus l' adoption d' agrafes latérales à partir de l' émission de mai 1960 a réduit les coûts suffisamment pour permettre l' achèvement de l' exercice avec près de 4000 $en fonds non dépensés .
Mieux que tout , la climatisation centrale est quelque chose que vous pouvez vous permettre .
Dans chaque cas , avoir des systèmes séparés pour les zones de vie et de couchage présente l' avantage de permettre un contrôle individuel de la zone .
Une telle isolation extra-épaisseur permet non seulement une installation de refroidissement beaucoup plus petite , mais continuera à réduire les frais de fonctionnement à la fois dans le chauffage et le refroidissement .
Il ne pouvait pas se permettre de perdre une goutte d' eau précieuse , donc il a passé la plupart de ses heures de réveil le long de fossés dans ses prairies .
Bien sûr , sa bienveillance était limitée à ceux qui pouvaient se le permettre , mais il y a alors une limite à ce qu' une personne peut faire .
Notre hypothèse est que les sujets positifs de Kohnstamm hésitent moins à renoncer à contrôle que les sujets négatifs de Kohnstamm ; qu' ils peuvent renoncer à leur contrôle et se permettre d' être de réacteurs plutôt que des acteurs .";6667052e-b464-47a9-beca-dd8df8f8c632
f4b90667-47c6-4b22-ae4e-8b029607d58e;01914ced-c520-40ba-9b2b-4ea00236d434;doc_2;"Quels efforts faites -vous pour évaluer les résultats de votre programme ?
Avez -vous évalué l' importance de service et lui avez -vous accordé l' attention voulue ?
Avez -vous évalué la place appropriée de la publicité et toutes les phases de promotion dans votre programme de marketing total - de point de vue de l' effort , de l' argent , et de l' efficacité ?
Le jeu de rôles peut être fait dans un but tout à fait différent: évaluer les procédures , indépendamment des individus .
Pour évaluer les données sur la concentration de TSH dans le sang , il faut examiner de manière critique les méthodes de bio-essai utilisées pour les obtenir .
La reposition de sol est évaluée en lavant les montres propres avec les montres sales .
La mesure dans laquelle nous pouvons persuader les pays les moins développés d' évaluer leurs propres ressources , de fixer des objectifs vers lesquels ils devraient travailler , d' établir à la lumière de cette perspective , les priorités les plus urgentes pour leur attention immédiate , et de faire les autres choses qu' ils doivent faire pour s' aider , le tout sur une base réaliste à long terme , dépendra considérablement des incitations que nous mettons devant eux .
Les offres sont évaluées par la Division de achats avec l' aide de personnel de la réserve , et les prix pour l' achat de automobiles sont attribués à soumissionnaires les moins responsables .
Les données sur le déclin de valeurs de propriété dans une région après l' entrée d' un nouveau groupe racial doivent être évaluées en fonction de tendances de valeurs de propriété avant l' entrée de groupe .
Des exemplaires de nouveaux livres sont exposés à siège , où les bibliothécaires peuvent les évaluer par eux-mêmes ou en groupes d' ateliers .
"" Le comité continue de penser que la Floride a progressé dans un programme sain et équitable à niveaux tant national que local dans ses efforts pour examiner et évaluer les problèmes de transition qui se posent de temps à autre dans l ' ensemble de droits civils "" .
Il est plus intéressant de savoir si les biens meubles ont été évalués en fonction de leur emplacement ou de leur propriété .
Vingt-sept assesseurs ont déclaré qu' ils étaient en faveur de moyens améliorés pour évaluer les biens meubles personnels , et seulement cinq ont été opposés .
Cette évasion de contrôle a conduit la direction à évaluer le risque de poursuites occasionnelles irrationnelles comme valeur pendant .";6667052e-b464-47a9-beca-dd8df8f8c632
