id,uri,content
04386177-799b-4a62-85f2-8a20e80559b2,62,"Word: se replier
Id: 93eb335e-14e3-4407-a56b-c4c84017bd2a
Meaning: 0
------Context------
J’ai eu si mal au ventre, tout d’un coup, que je me suis repliée sur moi-même.
-------------------
Word: se replier
Id: 1571b9c0-8121-4893-afa5-8053def93237
Meaning: 0
------Context------
L'armée était en difficulté, il était préférable de se replier.
-------------------"
e6e4ac30-bd74-4a70-bfeb-924ed7f065c0,61,"Word: se disputer
Id: 519d1d58-dd09-455c-9731-f614ddfeb56d
Meaning: 0
------Context------
La mère se disputait avec son fils en public, c’était gênant.
-------------------
Word: se disputer
Id: 7d4dba3f-ff5f-4ccd-a212-faf798fbb025
Meaning: 0
------Context------
Mes parents se disputent tout le temps, c’est triste.
-------------------"
dbb0e4a9-9e12-4161-bfcd-9762abec6244,60,"Word: se dire
Id: f1588580-cd1f-4947-b115-d3fa5fc00275
Meaning: 0
------Context------
C'est mieux de tout se dire quand on veut bien s'entendre entre amis.
-------------------
Word: se dire
Id: d785108c-a36f-4dc0-ab3b-255783a40602
Meaning: 0
------Context------
Sa fille lui manquait. Elle s’est dit que ce weekend, elle ira la voir.
-------------------"
